Workbook

Sheet az_calcs
A1: AutoZone Sales Calculations — SKU 3306 · 3320 · 3340
A2: Source: weekly_detail sheet | Columns: K=tyly_fw_units · L=tyly_fw_revenue · Q=tyly_l52_units · R=tyly_l52_revenue | Blue = formula
A4: 1. Avg Weekly Sell-Through — AVERAGE of each SKU's 9 sampled weeks in weekly_detail
A5: Metric | B5: SKU 3306 (rows 2–10) | C5: SKU 3320 (rows 11–19) | D5: SKU 3340 (rows 29–37) | E5: Source column
A6: Weeks sampled (count) | B6: =COUNTA(weekly_detail!K2:K10) -> 9 | C6: =COUNTA(weekly_detail!K11:K19) -> 9 | D6: =COUNTA(weekly_detail!K29:K37) -> 9 | E6: col K (any)
A7: Avg Weekly Units =AVERAGE(tyly_fw_units) | B7: =AVERAGE(weekly_detail!K2:K10) -> 1061.4444 | C7: =AVERAGE(weekly_detail!K11:K19) -> 975.44444 | D7: =AVERAGE(weekly_detail!K29:K37) -> 121.66667 | E7: col K
A8: Avg Weekly Revenue =AVERAGE(tyly_fw_revenue) | B8: =AVERAGE(weekly_detail!L2:L10) -> 25381.647 | C8: =AVERAGE(weekly_detail!L11:L19) -> 34854.299 | D8: =AVERAGE(weekly_detail!L29:L37) -> 8378.8644 | E8: col L
A10: 2. Rolling 12-Month (L52) — tyly_l52 value from each SKU's latest sampled row (Wk 49 / 2025)
A11: Metric | B11: SKU 3306 (row 10) | C11: SKU 3320 (row 19) | D11: SKU 3340 (row 37) | E11: Source column
A12: Snapshot week / year | B12: ="Wk "&weekly_detail!H10&"/"&weekly_detail!G10 -> Wk 49/2025 | C12: ="Wk "&weekly_detail!H19&"/"&weekly_detail!G19 -> Wk 49/2025 | D12: ="Wk "&weekly_detail!H37&"/"&weekly_detail!G37 -> Wk 49/2025 | E12: cols G & H
A13: Rolling 12-Mo Units =tyly_l52_units (col Q) | B13: =weekly_detail!Q10 -> 55628 | C13: =weekly_detail!Q19 -> 53078 | D13: =weekly_detail!Q37 -> 4960 | E13: col Q
A14: Rolling 12-Mo Revenue =tyly_l52_revenue (col R) | B14: =weekly_detail!R10 -> 1344181.1 | C14: =weekly_detail!R19 -> 1911448.1 | D14: =weekly_detail!R37 -> 349946.36 | E14: col R
A16: 3. Monthly Equivalents — Avg Weekly × 52 ÷ 12 (converts weekly average to a monthly rate)
A17: Metric | B17: SKU 3306 | C17: SKU 3320 | D17: SKU 3340 | E17: Formula pattern
A18: Monthly Units =Avg Wkly Units × 52/12 | B18: =B7*52/12 -> 4599.5926 | C18: =C7*52/12 -> 4226.9259 | D18: =D7*52/12 -> 527.22222 | E18: Avg Wkly × 52/12
A19: Monthly Revenue =Avg Wkly Revenue × 52/12 | B19: =B8*52/12 -> 109987.14 | C19: =C8*52/12 -> 151035.3 | D19: =D8*52/12 -> 36308.413 | E19: Avg Wkly × 52/12
A21: 4. Combined 3-SKU Totals — SUM across SKU 3306 + 3320 + 3340
A22: Metric | B22: SKU 3306 | C22: SKU 3320 | D22: SKU 3340 | E22: Combined Total
A23: Avg Weekly Units | B23: =B7 -> 1061.4444 | C23: =C7 -> 975.44444 | D23: =D7 -> 121.66667 | E23: =B23+C23+D23 -> 2158.5556
A24: Avg Weekly Revenue | B24: =B8 -> 25381.647 | C24: =C8 -> 34854.299 | D24: =D8 -> 8378.8644 | E24: =B24+C24+D24 -> 68614.81
A25: Monthly Units | B25: =B18 -> 4599.5926 | C25: =C18 -> 4226.9259 | D25: =D18 -> 527.22222 | E25: =B25+C25+D25 -> 9353.7407
A26: Monthly Revenue | B26: =B19 -> 109987.14 | C26: =C19 -> 151035.3 | D26: =D19 -> 36308.413 | E26: =B26+C26+D26 -> 297330.84
A27: Rolling 12-Mo Units | B27: =B13 -> 55628 | C27: =C13 -> 53078 | D27: =D13 -> 4960 | E27: =B27+C27+D27 -> 113666
A28: Rolling 12-Mo Revenue | B28: =B14 -> 1344181.1 | C28: =C14 -> 1911448.1 | D28: =D14 -> 349946.36 | E28: =B28+C28+D28 -> 3605575.6
A30: Notes: L52 = AutoZone's own rolling last-52-week accumulator pulled from column Q/R of weekly_detail at the latest sampled row (Wk 49/2025). Monthly equiv = avg weekly × (52÷12). Averages cover 9 non-consecutive sampled weeks: 35, 36, 40, 41, 43, 44, 46, 47, 49 of 2025. Blue text = Excel formula. Gold row = combined total.

Sheet weekly_detail
A1: image_sku | B1: matched_part_number | C1: match_type | D1: item_number | E1: major_category | F1: minor_dept | G1: actual_year | H1: actual_week | I1: actual_month | J1: source_file | K1: tyly_fw_units | L1: tyly_fw_revenue | M1: summary_fw_units | N1: summary_fw_revenue | O1: fw_units_delta | P1: fw_revenue_delta | Q1: tyly_l52_units | R1: tyly_l52_revenue | S1: summary_l52_units | T1: summary_l52_revenue | U1: l52_units_delta | V1: l52_revenue_delta | W1: units_match_flag | X1: revenue_match_flag
A2: 3306 | B2: 3306N | C2: alias | D2: 64471 | E2: ELECTRICAL TOOLS | F2: ELECTRICAL TOOLS | G2: 2025 | H2: 35 | I2: August 2025 | J2: Innova-AZ FY26FW01.xlsx | K2: 1164 | L2: 27844.96 | M2: 1164 | N2: 27844.96 | O2: 0 | P2: 0 | Q2: 53615 | R2: 1296108.6 | S2: 53615 | T2: 1296108.6 | U2: 0 | V2: 0 | W2: =TRUE() -> TRUE | X2: =TRUE() -> TRUE
A3: 3306 | B3: 3306N | C3: alias | D3: 64471 | E3: ELECTRICAL TOOLS | F3: ELECTRICAL TOOLS | G3: 2025 | H3: 36 | I3: September 2025 | J3: Innova-AZ FY26FW02.xlsx | K3: 1139 | L3: 27259.17 | M3: 1139 | N3: 27259.17 | O3: 0 | P3: 0 | Q3: 53771 | R3: 1299876.1 | S3: 53771 | T3: 1299876.1 | U3: 0 | V3: 0 | W3: =TRUE() -> TRUE | X3: =TRUE() -> TRUE
A4: 3306 | B4: 3306N | C4: alias | D4: 64471 | E4: ELECTRICAL TOOLS | F4: ELECTRICAL TOOLS | G4: 2025 | H4: 40 | I4: October 2025 | J4: Innova-AZ FY26FW06.xlsx | K4: 1111 | L4: 26559.74 | M4: 1111 | N4: 26559.74 | O4: 0 | P4: 0 | Q4: 54557 | R4: 1318581.4 | S4: 54557 | T4: 1318581.4 | U4: 0 | V4: 0 | W4: =TRUE() -> TRUE | X4: =TRUE() -> TRUE
A5: 3306 | B5: 3306N | C5: alias | D5: 64471 | E5: ELECTRICAL TOOLS | F5: ELECTRICAL TOOLS | G5: 2025 | H5: 41 | I5: October 2025 | J5: Innova-AZ FY26FW07.xlsx | K5: 1149 | L5: 27500.05 | M5: 1149 | N5: 27500.05 | O5: 0 | P5: 0 | Q5: 54719 | R5: 1322471.9 | S5: 54719 | T5: 1322471.9 | U5: 0 | V5: 0 | W5: =TRUE() -> TRUE | X5: =TRUE() -> TRUE
A6: 3306 | B6: 3306N | C6: alias | D6: 64471 | E6: ELECTRICAL TOOLS | F6: ELECTRICAL TOOLS | G6: 2025 | H6: 43 | I6: October 2025 | J6: Innova-AZ FY26FW09.xlsx | K6: 1072 | L6: 25600.25 | M6: 1072 | N6: 25600.25 | O6: 0 | P6: 0 | Q6: 54988 | R6: 1328881.7 | S6: 54988 | T6: 1328881.7 | U6: 0 | V6: 0 | W6: =TRUE() -> TRUE | X6: =TRUE() -> TRUE
A7: 3306 | B7: 3306N | C7: alias | D7: 64471 | E7: ELECTRICAL TOOLS | F7: ELECTRICAL TOOLS | G7: 2025 | H7: 44 | I7: November 2025 | J7: Innova-AZ FY26FW10.xlsx | K7: 1066 | L7: 25448.41 | M7: 1066 | N7: 25448.41 | O7: 0 | P7: 0 | Q7: 55155 | R7: 1332813 | S7: 55155 | T7: 1332813 | U7: 0 | V7: 0 | W7: =TRUE() -> TRUE | X7: =TRUE() -> TRUE
A8: 3306 | B8: 3306N | C8: alias | D8: 64471 | E8: ELECTRICAL TOOLS | F8: ELECTRICAL TOOLS | G8: 2025 | H8: 46 | I8: November 2025 | J8: Innova-AZ FY26FW12.xlsx | K8: 1011 | L8: 24195.42 | M8: 1011 | N8: 24195.42 | O8: 0 | P8: 0 | Q8: 55393 | R8: 1338545.6 | S8: 55393 | T8: 1338545.6 | U8: 0 | V8: 0 | W8: =TRUE() -> TRUE | X8: =TRUE() -> TRUE
A9: 3306 | B9: 3306N | C9: alias | D9: 64471 | E9: ELECTRICAL TOOLS | F9: ELECTRICAL TOOLS | G9: 2025 | H9: 47 | I9: November 2025 | J9: Innova-AZ FY26FW13.xlsx | K9: 904 | L9: 21631.93 | M9: 904 | N9: 21631.93 | O9: 0 | P9: 0 | Q9: 55440 | R9: 1339664.3 | S9: 55440 | T9: 1339664.3 | U9: 0 | V9: 0 | W9: =TRUE() -> TRUE | X9: =TRUE() -> TRUE
A10: 3306 | B10: 3306N | C10: alias | D10: 64471 | E10: ELECTRICAL TOOLS | F10: ELECTRICAL TOOLS | G10: 2025 | H10: 49 | I10: December 2025 | J10: Innova-AZ FY26FW15.xlsx | K10: 937 | L10: 22394.89 | M10: 937 | N10: 22394.89 | O10: 0 | P10: 0 | Q10: 55628 | R10: 1344181.1 | S10: 55628 | T10: 1344181.1 | U10: 0 | V10: 0 | W10: =TRUE() -> TRUE | X10: =TRUE() -> TRUE
A11: 3320 | B11: 3320 | C11: exact | D11: 64472 | E11: ELECTRICAL TOOLS | F11: ELECTRICAL TOOLS | G11: 2025 | H11: 35 | I11: August 2025 | J11: Innova-AZ FY26FW01.xlsx | K11: 1078 | L11: 38485.47 | M11: 1078 | N11: 38485.47 | O11: 0 | P11: 0 | Q11: 52305 | R11: 1883720.5 | S11: 52305 | T11: 1883720.5 | U11: 0 | V11: 0 | W11: =TRUE() -> TRUE | X11: =TRUE() -> TRUE
A12: 3320 | B12: 3320 | C12: exact | D12: 64472 | E12: ELECTRICAL TOOLS | F12: ELECTRICAL TOOLS | G12: 2025 | H12: 36 | I12: September 2025 | J12: Innova-AZ FY26FW02.xlsx | K12: 1061 | L12: 37915 | M12: 1061 | N12: 37915 | O12: 0 | P12: 0 | Q12: 52379 | R12: 1886414 | S12: 52379 | T12: 1886414 | U12: 0 | V12: 0 | W12: =TRUE() -> TRUE | X12: =TRUE() -> TRUE
A13: 3320 | B13: 3320 | C13: exact | D13: 64472 | E13: ELECTRICAL TOOLS | F13: ELECTRICAL TOOLS | G13: 2025 | H13: 40 | I13: October 2025 | J13: Innova-AZ FY26FW06.xlsx | K13: 992 | L13: 35508.51 | M13: 992 | N13: 35508.51 | O13: 0 | P13: 0 | Q13: 52780 | R13: 1900969.1 | S13: 52780 | T13: 1900969.1 | U13: 0 | V13: 0 | W13: =TRUE() -> TRUE | X13: =TRUE() -> TRUE
... A37: 3340 | B37: 3340 | C37: exact | D37: 94874.0 | E37: TESTERS | F37: TESTERS | G37: 2025 | H37: 49 | I37: December 2025 | J37: Innova-AZ FY26FW15.xlsx | K37: 114 | L37: 7815.16 | M37: 114 | N37: 7815.16 | O37: 0 | P37: 0 | Q37: 4960 | R37: 349946.36 | S37: 4960 | T37: 349946.36 | U37: 0 | V37: 0 | W37: =TRUE() -> TRUE | X37: =TRUE() -> TRUE

Sheet mapping_audit
A1: image_sku | B1: matched_part_number | C1: match_type | D1: match_status | E1: item_number | F1: major_category | G1: minor_dept | H1: found_in_product_full_list | I1: found_in_sales_files | J1: unresolved_reason
A2: 3300 | C2: unresolved | D2: unresolved | H2: =FALSE() -> FALSE | I2: =FALSE() -> FALSE | J2: No exact match found and no configured alias resolved in source data.
A3: 3306 | B3: 3306N | C3: alias | D3: matched | E3: 64471 | F3: ELECTRICAL TOOLS | G3: ELECTRICAL TOOLS | H3: =TRUE() -> TRUE | I3: =TRUE() -> TRUE
A4: 3320 | B4: 3320 | C4: exact | D4: matched | E4: 64472 | F4: ELECTRICAL TOOLS | G4: ELECTRICAL TOOLS | H4: =TRUE() -> TRUE | I4: =TRUE() -> TRUE
A5: 3320b | C5: unresolved | D5: unresolved | H5: =FALSE() -> FALSE | I5: =FALSE() -> FALSE | J5: No exact match found and no configured alias resolved in source data.
A6: 3330 | B6: 3330 | C6: exact | D6: matched | E6: 1391465 | F6: TESTERS | G6: TESTERS | H6: =TRUE() -> TRUE | I6: =TRUE() -> TRUE
A7: 3340 | B7: 3340 | C7: exact | D7: matched | E7: 94874 | F7: TESTERS | G7: TESTERS | H7: =TRUE() -> TRUE | I7: =TRUE() -> TRUE
A8: DS200 | C8: unresolved | D8: unresolved | H8: =FALSE() -> FALSE | I8: =FALSE() -> FALSE | J8: No exact match found and no configured alias resolved in source data.
A9: DS201 | C9: unresolved | D9: unresolved | H9: =FALSE() -> FALSE | I9: =FALSE() -> FALSE | J9: No exact match found and no configured alias resolved in source data.
